district_code,state_abbrev,st_cd_fips,bioname,bioguide_id,born,died,nominate_dim1,nominate_dim2,nominate_log_likelihood,nominate_geo_mean_probability,nominate_number_of_votes,nominate_number_of_errors,conditional,nokken_poole_dim1,nokken_poole_dim2
03,01,0103,"ROGERS, Mike Dennis",R000575,1958,,0.36,0.463,-74.23598,0.89924,699,24,,0.422,0.539
07,01,0107,"SEWELL, Terri",S001185,1965,,-0.393,0.402,-22.40082,0.96907,713,9,,-0.498,0.489
05,01,0105,"BROOKS, Mo",B001274,1954,,0.646,-0.404,-141.85497,0.81727,703,66,,0.684,-0.27
06,01,0106,"PALMER, Gary James",P000609,1954,,0.682,0.091,-85.73781,0.88715,716,38,,0.654,0.305
01,01,0101,"CARL, Jerry L.",C001054,1958,,0.524,0.521,-57.92576,0.9227,720,26,,0.524,0.521
02,01,0102,"MOORE, Barry",M001212,1966,,0.633,-0.076,-108.45818,0.85852,711,60,,0.633,-0.076
04,01,0104,"ADERHOLT, Robert",A000055,1965,,0.38,0.576,-118.26127,0.84736,714,45,,0.54,0.326
00,02,0200,"YOUNG, Donald Edwin",Y000033,1933,,0.283,0.022,-83.13235,0.81484,406,33,,0.255,0.047
03,04,0403,"GRIJALVA, Raúl M.",G000551,1948,,-0.598,-0.256,-10.64972,0.98524,716,4,,-0.533,-0.309
02,04,0402,"KIRKPATRICK, Ann",K000368,1950,,-0.169,-0.011,-30.3178,0.95893,723,14,,-0.462,0.234
04,04,0404,"GOSAR, Paul",G000565,1958,,0.697,-0.482,-123.74291,0.84006,710,58,,0.742,-0.557
06,04,0406,"SCHWEIKERT, David",S001183,1962,,0.577,-0.292,-122.41913,0.84404,722,54,,0.556,-0.235
07,04,0407,"GALLEGO, Ruben",G000574,1979,,-0.45,0.026,-17.25838,0.97635,721,9,,-0.493,0.341
05,04,0405,"BIGGS, Andrew S.",B001302,1958,,0.849,-0.528,-103.98058,0.865,717,46,,0.779,-0.626
01,04,0401,"O'HALLERAN, Thomas C.",O000171,1946,,-0.197,0.179,-19.91187,0.97265,718,6,,-0.297,0.492
08,04,0408,"LESKO, Debbie",L000589,1958,,0.613,-0.099,-105.75936,0.85048,653,41,,0.617,-0.156
09,04,0409,"STANTON, Greg",S001211,1970,,-0.287,0.103,-23.5838,0.96799,725,10,,-0.261,0.249
01,05,0501,"CRAWFORD, Rick",C001087,1966,,0.432,0.487,-65.47271,0.91285,718,29,,0.538,0.509
03,05,0503,"WOMACK, Steve",W000809,1957,,0.356,0.574,-60.14189,0.92039,725,28,,0.354,0.516
02,05,0502,"HILL, French",H001072,1956,,0.444,0.25,-55.91211,0.92498,717,21,,0.417,0.302
04,05,0504,"WESTERMAN, Bruce Eugene",W000821,1967,,0.549,0.346,-56.367,0.92409,714,19,,0.539,0.353
12,06,0612,"PELOSI, Nancy",P000197,1940,,-0.49,-0.205,-0.33355,0.99686,106,0,,-0.484,0.226
28,06,0628,"SCHIFF, Adam",S001150,1960,,-0.35,-0.133,-14.12104,0.98071,725,6,,-0.453,-0.171
50,06,0650,"ISSA, Darrell",I000056,1953,,0.496,-0.046,-84.4799,0.88631,700,31,,0.438,0.22
22,06,0622,"NUNES, Devin",N000181,1973,,0.45,0.223,-18.62697,0.95129,373,6,,0.456,0.68
38,06,0638,"SÁNCHEZ, Linda T.",S001156,1969,,-0.507,-0.137,-10.17831,0.98594,719,4,,-0.455,-0.182
16,06,0616,"COSTA, Jim",C001059,1952,,-0.193,0.456,-35.54226,0.9509,706,9,,-0.243,0.171
06,06,0606,"MATSUI, Doris",M001163,1944,,-0.434,-0.157,-16.87601,0.97667,715,7,,-0.461,-0.035
09,06,0609,"McNERNEY, Jerry",M001166,1951,,-0.263,-0.159,-17.62987,0.97591,723,6,,-0.432,-0.145
23,06,0623,"MCCARTHY, Kevin",M001165,1965,,0.454,0.234,-52.74971,0.92888,715,17,,0.425,0.473
14,06,0614,"SPEIER, Karen Lorraine Jacqueline (Jackie)",S001175,1950,,-0.381,-0.411,-40.9349,0.94191,684,10,,-0.388,-0.114
04,06,0604,"McCLINTOCK, Tom",M001177,1956,,0.694,-0.424,-188.46128,0.76543,705,91,,0.621,-0.418
27,06,0627,"CHU, Judy",C001080,1953,,-0.488,-0.372,-9.87549,0.98643,723,2,,-0.558,-0.251
03,06,0603,"GARAMENDI, John",G000559,1945,,-0.309,-0.098,-24.52287,0.96642,718,9,,-0.314,-0.183
37,06,0637,"BASS, Karen",B001270,1953,,-0.584,-0.098,-20.10755,0.97204,709,3,,-0.558,-0.011
01,06,0601,"LaMALFA, Doug",L000578,1960,,0.534,0.04,-122.29009,0.83971,700,52,,0.526,-0.067
02,06,0602,"HUFFMAN, Jared",H001068,1964,,-0.43,-0.542,-12.0668,0.98336,719,4,,-0.533,-0.449
07,06,0607,"BERA, Ami",B001287,1965,,-0.235,0.014,-18.25362,0.9744,704,6,,-0.369,0.135
15,06,0615,"SWALWELL, Eric",S001193,1980,,-0.366,-0.093,-18.63473,0.97445,720,6,,-0.295,-0.044
21,06,0621,"VALADAO, David G.",V000129,1977,,0.262,0.387,-64.17353,0.91358,710,22,,0.283,0.314
26,06,0626,"BROWNLEY, Julia",B001285,1952,,-0.288,0.056,-13.58783,0.98125,718,1,,-0.393,0.224
29,06,0629,"CÁRDENAS, Tony",C001097,1963,,-0.385,0.01,-17.54338,0.97573,714,9,,-0.564,0.041
36,06,0636,"RUIZ, Raul",R000599,1972,,-0.246,0.059,-22.34635,0.96961,724,12,,-0.487,0.298
41,06,0641,"TAKANO, Mark",T000472,1960,,-0.463,-0.272,-14.22668,0.98035,717,8,,-0.464,-0.382
47,06,0647,"LOWENTHAL, Alan",L000579,1941,,-0.449,-0.384,-21.82246,0.97015,720,8,,-0.404,-0.502
51,06,0651,"VARGAS, Juan",V000130,1961,,-0.402,0.079,-16.94766,0.97664,717,7,,-0.536,-0.054
52,06,0652,"PETERS, Scott",P000608,1958,,-0.183,-0.028,-25.23372,0.96537,716,9,,-0.262,0.291
11,06,0611,"DESAULNIER, Mark James",D000623,1952,,-0.53,-0.373,-11.48085,0.9842,721,5,,-0.53,-0.375
31,06,0631,"AGUILAR, Peter Rey",A000371,1979,,-0.296,0.139,-14.65273,0.97994,723,5,,-0.429,0.312
33,06,0633,"LIEU, Ted",L000582,1969,,-0.375,-0.249,-15.51805,0.97865,719,5,,-0.435,-0.13
35,06,0635,"TORRES, Norma Judith",T000474,1965,,-0.366,0.051,-15.71143,0.97824,714,6,,-0.494,0.348
44,06,0644,"BARRAGÁN, Nanette Diaz",B001300,1976,,-0.515,-0.023,-12.55508,0.98262,716,4,,-0.507,-0.253
24,06,0624,"CARBAJAL, Salud",C001112,1964,,-0.298,0.109,-20.07981,0.97268,725,11,,-0.289,-0.029
46,06,0646,"CORREA, Jose Luis",C001110,1958,,-0.287,0.276,-33.58987,0.9546,723,16,,-0.482,0.337
17,06,0617,"KHANNA, Rohit",K000389,1976,,-0.543,-0.281,-16.97301,0.97673,721,9,,-0.327,-0.431
20,06,0620,"PANETTA, James Varni",P000613,1969,,-0.299,0.083,-30.45146,0.95887,725,14,,-0.251,0.171
34,06,0634,"GOMEZ, Jimmy",G000585,1974,,-0.572,-0.202,-16.00374,0.97802,720,6,,-0.399,-0.54
10,06,0610,"HARDER, Josh",H001090,1986,,-0.385,0.688,-22.67507,0.96908,722,9,,-0.37,0.46
49,06,0649,"LEVIN, Mike",L000593,1978,,-0.376,0.211,-17.1115,0.97667,725,9,,-0.416,0.353
45,06,0645,"PORTER, Katie",P000618,1974,,-0.19,-0.182,-41.55543,0.94414,723,16,,-0.275,-0.417
25,06,0625,"GARCIA, Mike",G000061,1976,,0.369,0.081,-90.28632,0.88184,718,36,,0.364,0.045
53,06,0653,"JACOBS, Sara",J000305,1989,,-0.325,-0.459,-15.046,0.97912,713,8,,-0.325,-0.459
39,06,0639,"KIM, Young",K000397,1962,,0.27,0.254,-79.47546,0.89577,722,37,,0.27,0.254
08,06,0608,"OBERNOLTE, Jay",O000019,1970,,0.312,0.289,-103.25657,0.8664,720,46,,0.312,0.289
48,06,0648,"STEEL, Michelle",S001135,1955,,0.357,0.352,-64.21314,0.91422,716,29,,0.357,0.353
22,06,0622,"CONWAY, Connie",C001128,1950,,0.431,0.199,-11.77113,0.90802,122,6,,0.431,0.199
43,06,0643,"WATERS, Maxine",W000187,1938,,-0.656,-0.076,-45.51903,0.93756,706,18,,-0.885,-0.021
18,06,0618,"ESHOO, Anna Georges",E000215,1942,,-0.381,-0.414,-22.97588,0.96855,719,10,,-0.361,-0.13
40,06,0640,"ROYBAL-ALLARD, Lucille",R000486,1941,,-0.469,-0.171,-24.45169,0.96666,721,11,,-0.429,0.179
42,06,0642,"CALVERT, Ken",C000059,1953,,0.349,0.228,-63.84798,0.91434,713,32,,0.35,0.421
19,06,0619,"LOFGREN, Zoe",L000397,1947,,-0.401,-0.432,-22.3339,0.96925,715,8,,-0.343,-0.188
30,06,0630,"SHERMAN, Brad",S000344,1954,,-0.343,-0.142,-16.51611,0.97738,722,5,,-0.424,0.111
13,06,0613,"LEE, Barbara",L000551,1946,,-0.681,-0.585,-13.84128,0.98088,717,4,,-0.508,-0.595
05,06,0605,"THOMPSON, Michael",T000460,1951,,-0.395,0.064,-19.89948,0.97285,723,8,,-0.292,-0.087
32,06,0632,"NAPOLITANO, Grace Flores",N000179,1936,,-0.448,-0.247,-9.61297,0.98681,724,2,,-0.461,-0.204
05,08,0805,"LAMBORN, Doug",L000564,1954,,0.67,0.216,-89.59039,0.88208,714,39,,0.606,0.177
07,08,0807,"PERLMUTTER, Ed",P000593,1953,,-0.282,0.072,-21.26804,0.97109,725,11,,-0.348,0.038
04,08,0804,"BUCK, Kenneth Robert",B001297,1959,,0.714,-0.425,-140.72287,0.81812,701,78,,0.676,-0.426
06,08,0806,"CROW, Jason",C001121,1979,,-0.278,0.326,-23.69744,0.96771,722,10,,-0.334,0.227
02,08,0802,"NEGUSE, Joseph",N000191,1984,,-0.375,-0.355,-14.07385,0.98075,724,5,,-0.309,-0.311
03,08,0803,"BOEBERT, Lauren",B000825,1986,,0.784,-0.594,-102.19123,0.86524,706,49,,0.784,-0.594
01,08,0801,"DeGETTE, Diana",D000197,1957,,-0.431,-0.308,-18.88312,0.97415,721,9,,-0.368,-0.261
02,09,0902,"COURTNEY, Joe",C001069,1953,,-0.343,0.018,-26.85954,0.96363,725,15,,-0.275,-0.044
04,09,0904,"HIMES, James A.",H001047,1966,,-0.241,-0.234,-41.9707,0.94353,722,14,,-0.202,-0.195
05,09,0905,"HAYES, Jahana",H001081,1973,,-0.368,-0.104,-32.04584,0.95676,725,13,,-0.371,-0.154
03,09,0903,"DeLAURO, Rosa L.",D000216,1943,,-0.415,-0.118,-56.18651,0.92493,720,17,,-0.25,-0.303
01,09,0901,"LARSON, John B.",L000557,1948,,-0.397,-0.048,-33.41896,0.9544,716,12,,-0.278,-0.112
00,10,1000,"BLUNT ROCHESTER, Lisa",B001303,1962,,-0.335,-0.135,-17.99958,0.97545,724,9,,-0.376,-0.166
25,12,1225,"DIAZ-BALART, Mario",D000600,1961,,0.282,0.129,-73.43346,0.90161,709,24,,0.309,0.304
23,12,1223,"WASSERMAN SCHULTZ, Debbie",W000797,1966,,-0.42,0.08,-25.3894,0.96554,724,12,,-0.361,0.237
14,12,1214,"CASTOR, Kathy",C001066,1966,,-0.439,0.054,-25.56592,0.96488,715,13,,-0.513,0.321
16,12,1216,"BUCHANAN, Vernon G.",B001260,1951,,0.362,-0.113,-80.5158,0.89293,711,22,,0.424,0.211
12,12,1212,"BILIRAKIS, Gus",B001257,1963,,0.406,0.025,-66.84852,0.9111,718,22,,0.428,0.082
08,12,1208,"POSEY, Bill",P000599,1947,,0.526,-0.334,-136.07525,0.82195,694,56,,0.547,-0.33
22,12,1222,"DEUTCH, Theodore E. (Ted)",D000610,1966,,-0.401,-0.078,-13.44105,0.9806,686,6,,-0.469,0.307
11,12,1211,"WEBSTER, Daniel A.",W000806,1949,,0.521,-0.079,-108.96868,0.84738,658,54,,0.567,-0.106
24,12,1224,"WILSON, Frederica",W000808,1942,,-0.479,-0.011,-16.60515,0.97714,718,9,,-0.583,0.133
21,12,1221,"FRANKEL, Lois",F000462,1948,,-0.401,-0.071,-21.51615,0.97044,717,13,,-0.533,0.185
13,12,1213,"CRIST, Charlie Joseph Jr.",C001111,1956,,-0.227,0.079,-21.60907,0.97051,722,10,,-0.26,0.273
10,12,1210,"DEMINGS, Valdez Butler",D000627,1957,,-0.322,-0.007,-35.2942,0.95242,724,18,,-0.239,0.2
02,12,1202,"DUNN, Neal Patrick",D000628,1953,,0.507,0.336,-65.69038,0.91187,712,23,,0.451,0.533
01,12,1201,"GAETZ, Matthew L. II",G000578,1982,,0.611,-0.64,-222.32288,0.73051,708,93,,0.573,-0.737
05,12,1205,"LAWSON, Alfred Jr.",L000586,1948,,-0.26,0.075,-26.38286,0.96412,722,10,,-0.343,0.16
18,12,1218,"MAST, Brian Jeffery",M001199,1980,,0.468,-0.404,-165.7375,0.7905,705,88,,0.529,-0.4
07,12,1207,"MURPHY, Stephanie",M001202,1978,,-0.161,0.121,-54.37582,0.92271,676,19,,-0.18,0.327
04,12,1204,"RUTHERFORD, John Henry",R000609,1952,,0.428,0.053,-131.06034,0.82836,696,51,,0.473,-0.04
09,12,1209,"SOTO, Darren Michael",S001200,1978,,-0.374,0.156,-27.77827,0.96231,723,13,,-0.294,0.169
17,12,1217,"STEUBE, William",S001214,1978,,0.678,-0.282,-117.14456,0.84927,717,44,,0.726,-0.176
06,12,1206,"WALTZ, Michael",W000823,1974,,0.411,-0.046,-71.14969,0.90515,714,22,,0.432,0.157
03,12,1203,"CAMMACK, Kat",C001039,1988,,0.607,-0.172,-113.20781,0.85375,716,52,,0.607,-0.172
19,12,1219,"DONALDS, Byron",D000032,1978,,0.645,-0.157,-98.13553,0.86884,698,46,,0.645,-0.157
15,12,1215,"FRANKLIN, C. Scott",F000472,1964,,0.604,0.17,-80.29624,0.89363,714,34,,0.604,0.17
26,12,1226,"GIMENEZ, Carlos A.",G000593,1954,,0.3,0.156,-79.09422,0.89637,723,28,,0.3,0.156
27,12,1227,"SALAZAR, Maria Elvira",S000168,1961,,0.267,0.052,-107.74444,0.85846,706,47,,0.267,0.053
20,12,1220,"CHERFILUS-MCCORMICK, Sheila",C001127,1979,,-0.629,0.47,-10.45086,0.96919,334,7,,-0.629,0.469
20,12,1220,"HASTINGS, Alcee Lamar",H000324,1936,2021,-0.564,0.157,-1.0145,0.988,84,0,,-0.567,-0.227
13,13,1313,"SCOTT, David",S001157,1945,,-0.302,0.165,-18.63876,0.9743,716,6,,-0.43,0.366
04,13,1304,"JOHNSON, Hank",J000288,1954,,-0.468,-0.002,-17.99306,0.97491,708,7,,-0.428,-0.292
08,13,1308,"SCOTT, Austin",S001189,1969,,0.56,0.23,-53.58147,0.92671,704,21,,0.528,0.371
01,13,1301,"CARTER, Buddy",C001103,1957,,0.565,0.299,-56.15804,0.9204,677,19,,0.522,0.372
10,13,1310,"HICE, Jody Brownlow",H001071,1960,,0.791,-0.235,-110.12419,0.84905,673,58,,0.745,-0.415
11,13,1311,"LOUDERMILK, Barry D.",L000583,1963,,0.685,-0.003,-88.17054,0.88021,691,48,,0.676,-0.01
12,13,1312,"ALLEN, Rick W.",A000372,1951,,0.699,0.21,-92.60123,0.87691,705,43,,0.742,0.207
03,13,1303,"FERGUSON, Anderson Drew IV",F000465,1966,,0.596,0.141,-88.78064,0.88323,715,39,,0.554,0.092
06,13,1306,"McBATH, Lucy",M001208,1960,,-0.264,0.303,-26.17182,0.9645,724,12,,-0.359,0.305
07,13,1307,"BOURDEAUX, Carolyn",B001312,1970,,-0.301,0.459,-33.81009,0.95444,725,12,,-0.301,0.459
09,13,1309,"CLYDE, Andrew S.",C001116,1963,,0.78,-0.147,-101.61328,0.8656,704,44,,0.779,-0.147
14,13,1314,"GREENE, Marjorie Taylor",G000596,1974,,0.8,-0.6,-80.6126,0.89224,707,32,,0.798,-0.603
05,13,1305,"WILLIAMS, Nikema",W000788,1978,,-0.385,-0.42,-11.69549,0.98398,724,4,,-0.385,-0.42
02,13,1302,"BISHOP, Sanford Dixon, Jr.",B000490,1947,,-0.283,0.46,-26.21165,0.96415,718,13,,-0.405,0.385
01,15,1501,"CASE, Ed",C001055,1952,,-0.196,-0.097,-39.0109,0.94705,717,13,,-0.188,0.048
02,15,1502,"KAHELE, Kaialiʻi",K000396,1974,,-0.352,0.048,-17.28071,0.97628,720,8,,-0.352,0.048
01,16,1601,"FULCHER, Russell",F000469,1962,,0.642,0.003,-101.30009,0.86197,682,45,,0.662,0.019
02,16,1602,"SIMPSON, Michael K.",S001148,1950,,0.299,0.29,-87.14234,0.88136,690,36,,0.318,0.376
11,17,1711,"FOSTER, Bill",F000454,1955,,-0.23,-0.223,-21.89472,0.97017,723,7,,-0.355,-0.071
05,17,1705,"QUIGLEY, Mike",Q000023,1958,,-0.322,-0.266,-17.52874,0.97608,724,7,,-0.372,-0.019
16,17,1716,"KINZINGER, Adam",K000378,1978,,0.236,0.378,-148.72502,0.75126,520,73,,0.14,0.472
10,17,1710,"SCHNEIDER, Brad",S001190,1961,,-0.181,-0.154,-28.43863,0.96138,722,14,,-0.417,0.554
13,17,1713,"DAVIS, Rodney",D000619,1970,,0.28,0.165,-86.0797,0.88444,701,35,,0.299,0.134
17,17,1717,"BUSTOS, Cheri",B001286,1961,,-0.239,0.053,-25.22056,0.96431,694,11,,-0.261,0.344
02,17,1702,"KELLY, Robin L.",K000385,1956,,-0.462,-0.013,-18.68063,0.97446,722,9,,-0.532,-0.05
12,17,1712,"BOST, Mike",B001295,1960,,0.292,0.399,-97.22494,0.86945,695,46,,0.338,0.122
18,17,1718,"LaHOOD, Darin",L000585,1968,,0.463,0.198,-56.67533,0.9243,720,19,,0.469,0.305
08,17,1708,"KRISHNAMOORTHI, S. Raja",K000391,1973,,-0.317,-0.049,-23.54795,0.968,724,10,,-0.319,0.106
06,17,1706,"CASTEN, Sean",C001117,1971,,-0.657,0.595,-66.11019,0.91012,702,21,,-0.822,0.569
04,17,1704,"GARCÍA, Jesús",G000586,1956,,-0.448,-0.83,-23.55008,0.96782,720,8,,-0.437,-0.846
14,17,1714,"UNDERWOOD, Lauren",U000040,1986,,-0.523,0.558,-17.39712,0.97626,724,9,,-0.459,0.357
15,17,1715,"MILLER, Mary E.",M001211,1959,,0.8,-0.263,-101.76756,0.85849,667,46,,0.8,-0.263
03,17,1703,"NEWMAN, Marie",N000192,1964,,-0.591,-0.3,-10.01338,0.98623,722,5,,-0.591,-0.3
01,17,1701,"RUSH, Bobby L.",R000515,1946,,-0.479,-0.204,-11.95553,0.98362,724,5,,-0.553,-0.161
07,17,1707,"DAVIS, Danny K.",D000096,1941,,-0.486,-0.265,-11.381,0.98414,712,4,,-0.493,-0.342
09,17,1709,"SCHAKOWSKY, Janice D.",S001145,1944,,-0.604,-0.27,-21.73338,0.9701,716,9,,-0.346,-0.474
07,18,1807,"CARSON, André",C001072,1974,,-0.429,0.056,-17.19485,0.9765,723,10,,-0.373,-0.018
08,18,1808,"BUCSHON, Larry",B001275,1962,,0.41,0.264,-53.84615,0.92706,711,21,,0.428,0.346
02,18,1802,"WALORSKI, Jackie",W000813,1963,2022,0.436,0.315,-54.20181,0.92748,720,16,,0.477,0.339
03,18,1803,"BANKS, James E.",B001299,1979,,0.647,0.006,-102.27952,0.86549,708,48,,0.666,0.041
09,18,1809,"HOLLINGSWORTH, Joseph Albert III",H001074,1983,,0.418,-0.246,-134.76103,0.81974,678,56,,0.422,-0.229
04,18,1804,"BAIRD, James",B001307,1945,,0.463,0.419,-71.98788,0.9051,722,23,,0.493,0.29
06,18,1806,"PENCE, Gregory",P000615,1956,,0.533,0.036,-125.16479,0.833,685,50,,0.606,0.006
01,18,1801,"MRVAN, Frank J.",M001214,1969,,-0.298,0.243,-15.44889,0.97883,722,7,,-0.298,0.243
05,18,1805,"SPARTZ, Victoria",S000929,1978,,0.428,0.059,-71.0443,0.9044,707,21,,0.428,0.059
03,19,1903,"AXNE, Cynthia",A000378,1965,,-0.249,0.528,-19.9625,0.9728,724,5,,-0.289,0.437
04,19,1904,"FEENSTRA, Randy",F000446,1969,,0.436,0.303,-51.22381,0.93169,724,17,,0.436,0.303
01,19,1901,"HINSON, Ashley",H001091,1983,,0.38,0.051,-95.98481,0.876,725,32,,0.38,0.051
02,19,1902,"MILLER-MEEKS, Mariannette",M001215,1955,,0.296,0.387,-68.90927,0.90824,716,30,,0.296,0.387
04,20,2004,"ESTES, Ron",E000298,1956,,0.64,0.035,-82.46404,0.88673,686,48,,0.715,0.125
03,20,2003,"DAVIDS, Sharice",D000629,1980,,-0.26,0.262,-20.95162,0.97148,724,6,,-0.278,0.356
02,20,2002,"LATURNER, Jake",L000266,1988,,0.499,0.411,-42.47363,0.94256,718,13,,0.499,0.411
01,20,2001,"MANN, Tracey",M000871,1976,,0.688,0.211,-82.14454,0.89288,725,36,,0.688,0.211
05,21,2105,"ROGERS, Harold Dallas (Hal)",R000395,1937,,0.338,0.12,-68.52672,0.90921,720,29,,0.352,0.546
03,21,2103,"YARMUTH, John",Y000062,1947,,-0.378,-0.274,-15.86419,0.97643,665,5,,-0.345,-0.354
02,21,2102,"GUTHRIE, Brett",G000558,1964,,0.421,0.283,-42.49928,0.94291,723,16,,0.426,0.385
06,21,2106,"BARR, Garland H. (Andy) IV",B001282,1973,,0.476,0.321,-54.37786,0.92677,715,22,,0.417,0.392
01,21,2101,"COMER, James",C001108,1972,,0.593,-0.016,-120.62972,0.84574,720,57,,0.538,-0.095
04,21,2104,"MASSIE, Thomas",M001184,1971,,0.678,-0.735,-160.3867,0.79418,696,66,,0.671,-0.742
01,22,2201,"SCALISE, Steve",S001176,1965,,0.554,0.18,-53.85019,0.92616,702,18,,0.509,0.32
02,22,2202,"RICHMOND, Cedric",R000588,1973,,-0.486,0.332,-0.00248,0.99982,14,0,,-0.387,-0.04
06,22,2206,"GRAVES, Garret",G000577,1972,,0.444,0.009,-79.44572,0.89428,711,26,,0.405,0.314
03,22,2203,"HIGGINS, Clay",H001077,1961,,0.617,-0.31,-165.86084,0.76981,634,81,,0.644,-0.404
04,22,2204,"JOHNSON, Mike",J000299,1972,,0.561,0.003,-85.12861,0.88425,692,39,,0.592,0.133
05,22,2205,"LETLOW, Julia",L000595,1981,,0.419,0.48,-47.01438,0.92798,629,15,,0.419,0.48
02,22,2202,"CARTER, Troy",C001125,1963,,-0.38,0.163,-18.29467,0.97021,605,10,,-0.38,0.163
01,23,2301,"PINGREE, Chellie",P000597,1955,,-0.42,-0.376,-23.48626,0.96804,723,9,,-0.384,-0.155
02,23,2302,"GOLDEN, Jared",G000592,1982,,-0.114,0.353,-113.21687,0.85066,700,50,,-0.106,0.355
05,24,2405,"HOYER, Steny Hamilton",H000874,1939,,-0.38,0.119,-15.35449,0.97855,708,6,,-0.46,0.362
07,24,2407,"MFUME, Kweisi",M000687,1948,,-0.447,-0.408,-17.36187,0.97578,708,5,,-0.43,-0.215
02,24,2402,"RUPPERSBERGER, C. A. (Dutch)",R000576,1946,,-0.295,0.131,-18.62258,0.97433,716,9,,-0.314,0.082
03,24,2403,"SARBANES, John",S001168,1962,,-0.467,-0.073,-14.51961,0.98009,722,6,,-0.414,-0.101
01,24,2401,"HARRIS, Andy",H001052,1957,,0.671,-0.395,-139.69449,0.8223,714,69,,0.74,-0.343
04,24,2404,"BROWN, Anthony Gregory",B001304,1961,,-0.344,-0.064,-26.74178,0.96319,713,15,,-0.52,0.336
08,24,2408,"RASKIN, Jamie Ben",R000606,1962,,-0.535,-0.268,-13.10425,0.98184,715,6,,-0.371,-0.437
06,24,2406,"TRONE, David",T000483,1955,,-0.279,0.137,-23.52433,0.96786,720,9,,-0.318,0.399
01,25,2501,"NEAL, Richard Edmund",N000015,1949,,-0.417,-0.105,-16.19246,0.97773,719,7,,-0.411,0.056
08,25,2508,"LYNCH, Stephen F.",L000562,1955,,-0.349,0.04,-17.9533,0.97541,721,6,,-0.288,0.031
09,25,2509,"KEATING, William R.",K000375,1952,,-0.33,-0.117,-18.29105,0.9745,708,8,,-0.333,0.11
05,25,2505,"CLARK, Katherine M.",C001101,1963,,-0.483,-0.363,-11.22145,0.98456,721,5,,-0.467,-0.306
06,25,2506,"MOULTON, Seth",M001196,1978,,-0.282,-0.057,-34.80348,0.953,723,11,,-0.221,-0.076
07,25,2507,"PRESSLEY, Ayanna",P000617,1974,,-0.328,-0.945,-26.08905,0.96451,722,8,,-0.981,-0.192
03,25,2503,"TRAHAN, Lori",T000482,1973,,-0.466,-0.108,-14.74433,0.97984,724,8,,-0.46,-0.062
04,25,2504,"AUCHINCLOSS, Jake",A000148,1988,,-0.315,-0.464,-23.08178,0.96854,722,7,,-0.315,-0.464
02,25,2502,"McGOVERN, James P.",M000312,1959,,-0.539,-0.313,-12.99699,0.98206,718,5,,-0.496,-0.563
06,26,2606,"UPTON, Frederick Stephen",U000031,1953,,0.323,-0.36,-180.79493,0.77929,725,96,,0.205,-0.032
07,26,2607,"WALBERG, Tim",W000798,1951,,0.511,0.098,-85.72462,0.88775,720,27,,0.484,0.19
02,26,2602,"HUIZENGA, Bill",H001058,1969,,0.563,-0.039,-96.5313,0.87387,716,35,,0.512,0.012
05,26,2605,"KILDEE, Dan",K000380,1958,,-0.389,-0.216,-23.06967,0.96868,725,8,,-0.261,-0.291
04,26,2604,"MOOLENAAR, John",M001194,1961,,0.432,0.276,-100.51872,0.87054,725,44,,0.501,0.078
12,26,2612,"DINGELL, Debbie",D000624,1953,,-0.406,-0.146,-21.26525,0.9709,720,7,,-0.37,-0.184
14,26,2614,"LAWRENCE, Brenda L",L000581,1954,,-0.448,-0.04,-16.84759,0.97697,723,8,,-0.514,-0.079
01,26,2601,"BERGMAN, John",B001301,1947,,0.428,0.098,-69.65385,0.90779,720,22,,0.429,0.167
09,26,2609,"LEVIN, Andy",L000592,1960,,-0.476,-0.543,-11.58373,0.98413,724,2,,-0.429,-0.539
08,26,2608,"SLOTKIN, Elissa",S001208,1976,,-0.32,0.851,-58.36822,0.91956,696,19,,-0.343,0.939
11,26,2611,"STEVENS, Haley",S001215,1983,,-0.346,0.318,-21.8181,0.97035,725,13,,-0.366,0.261
13,26,2613,"TLAIB, Rashida",T000481,1976,,-0.262,-0.965,-37.44877,0.94904,716,16,,-0.274,-0.962
10,26,2610,"MCCLAIN, Lisa C.",M001136,1966,,0.542,0.137,-102.99636,0.86688,721,40,,0.542,0.137
03,26,2603,"MEIJER, Peter",M001186,1988,,0.242,0.226,-103.9645,0.86624,724,47,,0.242,0.226
04,27,2704,"McCOLLUM, Betty",M001143,1954,,-0.417,-0.185,-24.02369,0.96718,720,11,,-0.355,-0.165
06,27,2706,"EMMER, Thomas Earl II",E000294,1961,,0.45,-0.042,-102.04514,0.86453,701,36,,0.429,-0.007
02,27,2702,"CRAIG, Angela",C001119,1972,,-0.296,0.683,-34.32773,0.95363,723,13,,-0.27,0.645
01,27,2701,"HAGEDORN, Jim",H001088,1962,2022,0.477,0.345,-20.96589,0.94856,397,8,,0.531,0.362
05,27,2705,"OMAR, Ilhan",O000173,1982,,-0.284,-0.959,-33.81444,0.954,718,13,,-0.981,-0.192
03,27,2703,"PHILLIPS, Dean",P000616,1969,,-0.274,0.174,-29.59635,0.95984,722,14,,-0.469,0.64
08,27,2708,"STAUBER, Peter",S001212,1966,,0.333,0.026,-108.67783,0.85972,719,46,,0.374,-0.046
07,27,2707,"FISCHBACH, Michelle",F000470,1965,,0.517,0.186,-58.49365,0.92249,725,20,,0.517,0.186
01,27,2701,"FINSTAD, Brad",F000475,1976,,,,,,,,,0,0
04,28,2804,"PALAZZO, Steven",P000601,1970,,0.533,0.458,-81.46303,0.89117,707,39,,0.579,0.259
01,28,2801,"KELLY, Trent",K000388,1966,,0.632,0.293,-57.28371,0.92332,718,20,,0.648,0.441
03,28,2803,"GUEST, Michael",G000591,1970,,0.527,0.131,-68.4913,0.90014,651,33,,0.588,0.168
02,28,2802,"THOMPSON, Bennie",T000193,1948,,-0.516,0.397,-24.36173,0.96691,724,11,,-0.525,0.335
06,29,2906,"GRAVES, Samuel",G000546,1963,,0.443,0.194,-56.82848,0.92421,721,20,,0.462,0.519
05,29,2905,"CLEAVER, Emanuel, II",C001061,1944,,-0.453,0.017,-14.46036,0.98014,721,5,,-0.459,0.078
03,29,2903,"LUETKEMEYER, Blaine",L000569,1952,,0.444,0.26,-73.08824,0.90192,708,22,,0.488,0.299
04,29,2904,"HARTZLER, Vicky",H001053,1960,,0.471,0.251,-96.824,0.86101,647,33,,0.494,0.004
07,29,2907,"LONG, Billy",L000576,1955,,0.548,0.227,-75.16129,0.89995,713,33,,0.539,0.268
02,29,2902,"WAGNER, Ann",W000812,1962,,0.424,0.164,-61.95031,0.91756,720,21,,0.371,0.237
08,29,2908,"SMITH, Jason",S001195,1980,,0.589,0.219,-69.89291,0.90612,709,31,,0.565,0.367
01,29,2901,"BUSH, Cori",B001224,1976,,-0.247,-0.969,-57.7216,0.92286,719,24,,-0.246,-0.969
00,30,3000,"ROSENDALE, Matthew M., Sr.",R000103,1960,,0.75,-0.515,-113.37161,0.85126,704,52,,0.75,-0.514
01,31,3101,"FORTENBERRY, Jeff",F000449,1960,,0.304,-0.061,-53.88885,0.88373,436,21,,0.347,-0.056
03,31,3103,"SMITH, Adrian",S001172,1970,,0.516,0.213,-55.12767,0.92499,707,20,,0.553,0.779
02,31,3102,"BACON, Donald J.",B001298,1963,,0.357,-0.046,-132.24875,0.83305,724,54,,0.291,-0.014
01,31,3101,"FLOOD, Mike",F000474,1975,,0.524,0.669,-7.46538,0.93607,113,3,,0.524,0.669
01,32,3201,"TITUS, Alice (Dina)",T000468,1950,,-0.304,-0.215,-15.79594,0.97827,719,5,,-0.419,-0.087
02,32,3202,"AMODEI, Mark E.",A000369,1958,,0.381,0.196,-77.01556,0.89802,716,31,,0.369,0.172
04,32,3204,"HORSFORD, Steven",H001066,1973,,-0.35,0.115,-39.10471,0.94692,717,16,,-0.381,0.292
03,32,3203,"LEE, Susie",L000590,1966,,-0.286,0.435,-29.39641,0.95999,720,9,,-0.254,0.444
02,33,3302,"KUSTER, Ann McLane",K000382,1956,,-0.258,-0.103,-22.26493,0.96967,723,11,,-0.356,0.282
01,33,3301,"PAPPAS, Chris",P000614,1980,,-0.277,0.371,-26.86884,0.96352,723,10,,-0.257,0.478
04,34,3404,"SMITH, Christopher Henry",S000522,1953,,0.17,-0.168,-190.75823,0.76526,713,87,,0.275,-0.204
06,34,3406,"PALLONE, Frank, Jr.",P000034,1951,,-0.404,-0.169,-17.35272,0.97632,724,5,,-0.356,-0.409
08,34,3408,"SIRES, Albio",S001165,1951,,-0.405,0.098,-30.48642,0.95843,718,10,,-0.356,0.112
01,34,3401,"NORCROSS, Donald",N000188,1958,,-0.426,0.332,-12.98186,0.98188,710,5,,-0.446,0.449
12,34,3412,"WATSON COLEMAN, Bonnie",W000822,1945,,-0.617,-0.175,-19.31259,0.97371,725,7,,-0.422,-0.484
05,34,3405,"GOTTHEIMER, Josh S.",G000583,1975,,-0.15,0.233,-43.16197,0.94174,719,12,,-0.207,0.359
03,34,3403,"KIM, Andy",K000394,1982,,-0.301,0.362,-29.69016,0.95988,725,16,,-0.466,0.437
07,34,3407,"MALINOWSKI, Tomaz",M001203,1965,,-0.271,0.119,-48.23207,0.93521,720,23,,-0.314,0.205
11,34,3411,"SHERRILL, Mikie",S001207,1972,,-0.206,0.302,-27.09454,0.96224,704,8,,-0.281,0.495
09,34,3409,"PASCRELL, William J., Jr.",P000096,1937,,-0.367,-0.007,-15.43036,0.97859,713,4,,-0.409,-0.008
10,34,3410,"PAYNE, Donald, Jr.",P000604,1958,,-0.52,-0.109,-14.59667,0.98001,723,6,,-0.597,-0.198
02,34,3402,"VAN DREW, Jefferson",V000133,1953,,0.321,-0.45,-200.87866,0.75536,716,96,,0.37,-0.443
01,35,3501,"HAALAND, Debra",H001080,1960,,-0.332,-0.233,-1.32643,0.98149,71,1,,-0.567,-0.214
02,35,3502,"HERRELL, Yvette",H001084,1964,,0.936,0.352,-126.58479,0.83479,701,58,,0.733,0.05
03,35,3503,"LEGER FERNANDEZ, Teresa",L000273,1959,,-0.389,-0.196,-14.16979,0.98054,721,2,,-0.389,-0.196
01,35,3501,"STANSBURY, Melanie Ann",S001218,1979,,-0.459,-0.214,-12.89423,0.97801,580,6,,-0.458,-0.214
26,36,3626,"HIGGINS, Brian",H001038,1959,,-0.348,-0.033,-14.23102,0.9804,719,6,,-0.442,0.053
09,36,3609,"CLARKE, Yvette Diane",C001067,1964,,-0.612,-0.224,-12.03284,0.98329,714,5,,-0.481,-0.493
20,36,3620,"TONKO, Paul",T000469,1949,,-0.421,-0.262,-10.43658,0.98565,722,3,,-0.453,-0.21
23,36,3623,"REED, Thomas W. II",R000585,1971,,0.269,0.12,-80.56808,0.84636,483,32,,0.227,0.152
06,36,3606,"MENG, Grace",M001188,1975,,-0.378,-0.209,-18.8465,0.9742,721,8,,-0.466,-0.469
08,36,3608,"JEFFRIES, Hakeem",J000294,1970,,-0.488,-0.095,-10.20295,0.98597,722,3,,-0.495,-0.141
18,36,3618,"MALONEY, Sean Patrick",M001185,1966,,-0.239,0.114,-20.66137,0.97167,719,8,,-0.258,-0.009
01,36,3601,"ZELDIN, Lee M",Z000017,1980,,0.397,-0.132,-84.77816,0.87842,654,36,,0.433,-0.09
04,36,3604,"RICE, Kathleen Maura",R000602,1965,,-0.28,0.039,-46.74816,0.93619,709,16,,-0.212,0.074
21,36,3621,"STEFANIK, Elise M",S001196,1984,,0.258,-0.027,-125.41761,0.83993,719,56,,0.397,0.309
24,36,3624,"KATKO, John",K000386,1962,,0.187,0.007,-129.02754,0.83552,718,56,,0.161,-0.051
13,36,3613,"ESPAILLAT, Adriano J.",E000297,1954,,-0.614,-0.238,-15.18338,0.97922,723,7,,-0.535,-0.527
03,36,3603,"SUOZZI, Thomas",S001201,1962,,-0.219,0.086,-19.48634,0.97319,717,5,,-0.313,0.184
22,36,3622,"TENNEY, Claudia",T000478,1961,,0.424,0.094,-115.6469,0.84711,697,43,,0.488,0.029
25,36,3625,"MORELLE, Joseph D.",M001206,1957,,-0.357,0.194,-15.19711,0.97917,722,6,,-0.411,0.355
19,36,3619,"DELGADO, Antonio",D000630,1977,,-0.233,0.277,-11.88706,0.97858,549,5,,-0.29,0.53
14,36,3614,"OCASIO-CORTEZ, Alexandria",O000172,1989,,-0.258,-0.966,-36.78969,0.94985,715,15,,-0.981,-0.192
27,36,3627,"JACOBS, Chris",J000020,1966,,0.322,0.008,-123.08011,0.84186,715,44,,0.321,0.025
16,36,3616,"BOWMAN, Jamaal",B001223,1976,,-0.335,-0.942,-34.67211,0.95273,716,11,,-0.981,-0.192
02,36,3602,"GARBARINO, Andrew R.",G000597,1984,,0.291,0.051,-79.9171,0.89411,714,31,,0.291,0.051
17,36,3617,"JONES, Mondaire",J000306,1987,,-0.409,-0.537,-12.57507,0.98269,720,5,,-0.409,-0.537
11,36,3611,"MALLIOTAKIS, Nicole",M000317,1980,,0.292,0.042,-118.1066,0.84871,720,55,,0.292,0.042
15,36,3615,"TORRES, Ritchie",T000486,1988,,-0.546,-0.322,-12.87616,0.98225,719,4,,-0.546,-0.322
10,36,3610,"NADLER, Jerrold Lewis",N000002,1947,,-0.508,-0.499,-12.52505,0.98254,711,4,,-0.485,-0.355
07,36,3607,"VELÁZQUEZ, Nydia M.",V000081,1953,,-0.547,-0.343,-11.31512,0.98441,720,4,,-0.468,-0.498
12,36,3612,"MALONEY, Carolyn Bosher",M000087,1946,,-0.387,-0.284,-13.44583,0.98145,718,6,,-0.412,-0.373
05,36,3605,"MEEKS, Gregory W.",M001137,1953,,-0.414,-0.071,-12.26504,0.98295,713,4,,-0.493,0.099
04,37,3704,"PRICE, David Eugene",P000523,1940,,-0.343,-0.03,-12.04685,0.98296,701,3,,-0.459,0.113
01,37,3701,"BUTTERFIELD, George Kenneth, Jr. (G.K.)",B001251,1947,,-0.404,0.184,-16.25981,0.97742,712,5,,-0.487,0.352
05,37,3705,"FOXX, Virginia Ann",F000450,1943,,0.627,0.149,-96.95562,0.86838,687,34,,0.616,0.224
10,37,3710,"McHENRY, Patrick T.",M001156,1975,,0.536,0.106,-102.68786,0.86228,693,42,,0.407,0.212
08,37,3708,"HUDSON, Richard",H001067,1971,,0.541,0.136,-92.37711,0.87912,717,33,,0.426,0.179
07,37,3707,"ROUZER, David",R000603,1972,,0.566,0.173,-82.37832,0.89189,720,41,,0.559,0.213
12,37,3712,"ADAMS, Alma",A000370,1946,,-0.465,0.026,-14.94482,0.97951,722,8,,-0.47,0.097
13,37,3713,"BUDD, Theodore Paul",B001305,1971,,0.653,-0.08,-111.83172,0.845,664,53,,0.639,-0.05
09,37,3709,"BISHOP, Dan",B001311,1964,,0.715,-0.287,-126.81971,0.83558,706,60,,0.686,-0.356
03,37,3703,"MURPHY, Gregory Francis",M001210,1963,,0.486,0.027,-113.75088,0.85119,706,39,,0.452,0.021
11,37,3711,"CAWTHORN, Madison",C001104,1995,,0.554,-0.261,-138.41263,0.82036,699,69,,0.554,-0.261
06,37,3706,"MANNING, Kathy E.",M001135,1956,,-0.274,0.189,-16.59568,0.97731,723,5,,-0.274,0.189
02,37,3702,"ROSS, Deborah K.",R000305,1963,,-0.409,0.268,-13.92635,0.98095,724,4,,-0.409,0.268
00,38,3800,"ARMSTRONG, Kelly",A000377,1976,,0.479,-0.015,-93.25541,0.87272,685,36,,0.493,-0.039
09,39,3909,"KAPTUR, Marcia Carolyn (Marcy)",K000009,1946,,-0.35,0.108,-16.06966,0.97781,716,5,,-0.304,-0.001
10,39,3910,"TURNER, Michael R.",T000463,1960,,0.275,0.217,-81.58253,0.89102,707,37,,0.304,0.367
13,39,3913,"RYAN, Timothy J.",R000577,1973,,-0.402,0.208,-14.11587,0.98051,717,6,,-0.357,-0.01
04,39,3904,"JORDAN, Jim",J000289,1964,,0.718,-0.202,-94.28232,0.87466,704,29,,0.744,-0.105
05,39,3905,"LATTA, Robert E.",L000566,1956,,0.514,0.27,-52.78161,0.92978,725,18,,0.48,0.277
11,39,3911,"FUDGE, Marcia L.",F000455,1952,,-0.581,0.14,-1.13895,0.97913,54,1,,-0.295,0.196
06,39,3906,"JOHNSON, Bill",J000292,1954,,0.422,0.274,-72.18371,0.90486,722,29,,0.384,0.211
15,39,3915,"STIVERS, Steve",S001187,1965,,0.3,0.269,-11.4027,0.90714,117,7,,0.283,0.201
07,39,3907,"GIBBS, Bob",G000563,1954,,0.48,0.291,-71.88239,0.90241,700,25,,0.506,0.196
02,39,3902,"WENSTRUP, Brad",W000815,1958,,0.534,0.223,-62.75639,0.91631,718,23,,0.47,0.3
03,39,3903,"BEATTY, Joyce",B001281,1950,,-0.434,0.044,-16.93008,0.97682,722,7,,-0.583,-0.041
14,39,3914,"JOYCE, David",J000295,1957,,0.261,0.274,-69.55673,0.90755,717,29,,0.254,0.288
08,39,3908,"DAVIDSON, Warren",D000626,1970,,0.667,-0.357,-173.09496,0.78498,715,79,,0.615,-0.408
12,39,3912,"BALDERSON, Troy",B001306,1962,,0.423,0.347,-61.68076,0.91746,716,25,,0.419,0.214
16,39,3916,"GONZALEZ, Anthony",G000588,1984,,0.246,0.304,-93.96144,0.87182,685,44,,0.212,0.292
11,39,3911,"BROWN, Shontel  M.",B001313,1975,,-0.468,-0.046,-5.44798,0.9868,410,2,,-0.468,-0.046
15,39,3915,"CAREY, Mike",C001126,1971,,0.394,0.033,-52.71764,0.87879,408,24,,0.394,0.033
01,39,3901,"CHABOT, Steve",C000266,1953,,0.549,-0.151,-111.29507,0.85751,724,45,,0.409,0.254
04,40,4004,"COLE, Tom",C001053,1949,,0.329,0.37,-69.91672,0.90746,720,30,,0.311,0.489
02,40,4002,"MULLIN, Markwayne",M001190,1977,,0.538,0.234,-95.13279,0.87443,709,48,,0.572,0.101
01,40,4001,"HERN, Kevin",H001082,1961,,0.686,-0.046,-96.68734,0.87319,713,41,,0.686,-0.109
05,40,4005,"BICE, Stephanie I.",B000740,1973,,0.402,0.429,-52.2012,0.93034,723,22,,0.402,0.429
03,40,4003,"LUCAS, Frank D.",L000491,1960,,0.366,0.418,-49.88038,0.93169,705,19,,0.432,0.472
04,41,4104,"DeFAZIO, Peter Anthony",D000191,1947,,-0.427,-0.002,-28.05803,0.96136,712,10,,-0.263,-0.425
05,41,4105,"SCHRADER, Kurt",S001180,1951,,-0.182,0.055,-131.80879,0.83143,714,43,,-0.118,0.034
01,41,4101,"BONAMICI, Suzanne",B001278,1954,,-0.394,-0.408,-9.81196,0.98656,725,4,,-0.405,-0.452
02,41,4102,"BENTZ, Cliff",B000668,1952,,0.466,0.342,-59.59197,0.92088,723,24,,0.466,0.342
03,41,4103,"BLUMENAUER, Earl",B000574,1948,,-0.427,-0.661,-14.86337,0.97946,716,6,,-0.364,-0.56
15,42,4215,"THOMPSON, Glenn",T000467,1959,,0.318,0.398,-61.04978,0.91805,714,24,,0.348,0.517
16,42,4216,"KELLY, Mike",K000376,1948,,0.365,0.416,-56.27309,0.92472,719,21,,0.43,0.304
10,42,4210,"PERRY, Scott",P000605,1962,,0.664,-0.436,-133.42173,0.82912,712,61,,0.763,-0.471
08,42,4208,"CARTWRIGHT, Matt",C001090,1961,,-0.36,-0.028,-28.7199,0.96025,708,14,,-0.24,0.003
02,42,4202,"BOYLE, Brendan Francis",B001296,1977,,-0.4,0.132,-15.07145,0.97931,721,6,,-0.441,0.188
03,42,4203,"EVANS, Dwight",E000296,1954,,-0.465,-0.095,-15.87641,0.97831,724,8,,-0.563,-0.05
01,42,4201,"FITZPATRICK, Brian K.",F000466,1973,,0.159,-0.161,-125.87442,0.84041,724,44,,0.139,-0.19
11,42,4211,"SMUCKER, Lloyd K.",S001199,1964,,0.431,0.249,-56.97339,0.92382,719,21,,0.445,0.261
17,42,4217,"LAMB, Conor",L000588,1984,,-0.142,0.209,-28.75717,0.96101,723,3,,-0.228,0.282
05,42,4205,"SCANLON, Mary Gay",S001205,1959,,-0.45,-0.026,-15.92179,0.97807,718,6,,-0.376,-0.147
07,42,4207,"WILD, Susan",W000826,1957,,-0.275,0.357,-46.08642,0.938,720,19,,-0.206,0.136
04,42,4204,"DEAN, Madeleine",D000631,1959,,-0.463,-0.007,-10.67434,0.98534,723,2,,-0.389,-0.114
06,42,4206,"HOULAHAN, Christina",H001085,1967,,-0.304,0.48,-20.87888,0.9715,722,6,,-0.292,0.346
13,42,4213,"JOYCE, John",J000302,1957,,0.557,0.093,-106.77392,0.86271,723,45,,0.575,0.074
09,42,4209,"MEUSER, Dan",M001204,1964,,0.501,0.26,-81.5153,0.89125,708,27,,0.422,0.128
14,42,4214,"RESCHENTHALER, Guy",R000610,1983,,0.368,0.359,-60.57106,0.91931,720,25,,0.378,0.338
12,42,4212,"KELLER, Fred",K000395,1965,,0.498,0.164,-68.02621,0.9102,723,27,,0.492,0.218
18,42,4218,"DOYLE, Michael F.",D000482,1953,,-0.331,0.099,-36.79549,0.94537,655,14,,-0.379,-0.472
02,44,4402,"LANGEVIN, James",L000559,1964,,-0.375,0.114,-19.72251,0.97309,723,8,,-0.352,0.228
01,44,4401,"CICILLINE, David N.",C001084,1961,,-0.388,-0.267,-22.83915,0.96873,719,9,,-0.309,-0.183
02,45,4502,"WILSON, Addison Graves (Joe)",W000795,1947,,0.531,0.139,-74.75916,0.89843,698,31,,0.469,0.518
03,45,4503,"DUNCAN, Jeff",D000615,1966,,0.706,-0.09,-111.56288,0.85364,705,61,,0.672,0.096
07,45,4507,"RICE, Tom",R000597,1957,,0.564,-0.216,-171.57398,0.78797,720,69,,0.477,-0.142
05,45,4505,"NORMAN, Ralph",N000190,1953,,0.841,-0.341,-69.13691,0.90426,687,24,,0.891,-0.455
04,45,4504,"TIMMONS, William",T000480,1984,,0.591,0.222,-63.48756,0.91582,722,28,,0.588,0.289
01,45,4501,"MACE, Nancy",M000194,1977,,0.375,-0.197,-180.72013,0.77721,717,78,,0.375,-0.197
06,45,4506,"CLYBURN, James Enos",C000537,1940,,-0.464,0.254,-13.4346,0.98139,715,5,,-0.544,0.291
00,46,4600,"JOHNSON, Dustin",J000301,1976,,0.442,0.221,-59.18662,0.92129,722,19,,0.404,0.382
05,47,4705,"COOPER, James Hayes Shofner",C000754,1954,,-0.164,-0.033,-30.62372,0.9583,719,13,,-0.379,0.163
09,47,4709,"COHEN, Stephen",C001068,1949,,-0.398,-0.352,-27.64803,0.96238,721,11,,-0.297,-0.409
03,47,4703,"FLEISCHMANN, Chuck",F000459,1962,,0.459,0.291,-73.90074,0.90309,725,33,,0.478,0.201
04,47,4704,"DESJARLAIS, Scott",D000616,1964,,0.578,-0.074,-108.17252,0.8605,720,45,,0.564,-0.049
08,47,4708,"KUSTOFF, David",K000392,1966,,0.534,0.332,-58.93258,0.9212,718,24,,0.551,0.401
02,47,4702,"BURCHETT, Timothy",B001309,1964,,0.671,-0.329,-116.01247,0.84626,695,48,,0.658,-0.356
07,47,4707,"GREEN, Mark",G000590,1964,,0.673,0.019,-113.39511,0.85084,702,58,,0.648,-0.02
06,47,4706,"ROSE, John",R000612,1965,,0.667,0.093,-90.96597,0.87879,704,41,,0.662,0.117
01,47,4701,"HARSHBARGER, Diana",H001086,1960,,0.666,0.036,-107.6564,0.86076,718,55,,0.666,0.036
26,48,4826,"BURGESS, Michael C.",B001248,1950,,0.574,-0.201,-128.37612,0.83266,701,55,,0.576,-0.17
31,48,4831,"CARTER, John R.",C001051,1941,,0.481,0.584,-117.19783,0.84882,715,47,,0.599,0.478
01,48,4801,"GOHMERT, Louie",G000552,1953,,0.642,-0.398,-145.84038,0.80594,676,73,,0.677,-0.502
09,48,4809,"GREEN, Al",G000553,1947,,-0.438,0.294,-31.83952,0.95692,723,15,,-0.388,-0.29
10,48,4810,"McCAUL, Michael T.",M001157,1962,,0.424,0.111,-78.048,0.8959,710,31,,0.35,0.387
28,48,4828,"CUELLAR, Henry",C001063,1955,,-0.229,0.618,-74.1052,0.90271,724,31,,-0.285,0.683
14,48,4814,"WEBER, Randy",W000814,1953,,0.731,0.002,-107.24211,0.85814,701,45,,0.815,0.127
20,48,4820,"CASTRO, Joaquin",C001091,1974,,-0.401,-0.041,-15.07271,0.97928,720,4,,-0.435,-0.276
25,48,4825,"WILLIAMS, Roger",W000816,1949,,0.586,0.139,-60.43849,0.91531,683,20,,0.6,0.249
33,48,4833,"VEASEY, Marc",V000131,1971,,-0.4,0.283,-22.44949,0.96917,717,11,,-0.309,0.153
34,48,4834,"VELA, Filemon",V000132,1963,,-0.311,0.407,-11.96004,0.97336,443,6,,-0.224,0.161
36,48,4836,"BABIN, Brian",B001291,1948,,0.708,0.089,-95.08261,0.87532,714,43,,0.721,0.108
19,48,4819,"ARRINGTON, Jodey Cook",A000375,1972,,0.656,-0.058,-106.55872,0.85173,664,43,,0.707,0.01
15,48,4815,"GONZALEZ, Vicente Jr.",G000581,1967,,-0.379,0.661,-47.52594,0.93409,697,16,,-0.286,0.46
27,48,4827,"CLOUD, Michael",C001115,1975,,0.676,-0.295,-113.86332,0.84868,694,50,,0.701,-0.296
32,48,4832,"ALLRED, Colin",A000376,1983,,-0.432,0.576,-13.78311,0.98117,725,5,,-0.4,0.498
02,48,4802,"CRENSHAW, Daniel",C001120,1984,,0.43,0.197,-88.85049,0.88175,706,33,,0.453,0.086
16,48,4816,"ESCOBAR, Veronica",E000299,1969,,-0.415,-0.461,-59.4299,0.92088,721,22,,-0.535,-0.532
07,48,4807,"FLETCHER, Elizabeth",F000468,1975,,-0.381,0.691,-28.86652,0.96086,723,10,,-0.238,0.285
29,48,4829,"GARCIA, Sylvia",G000587,1950,,-0.831,0.504,-47.27894,0.93653,721,21,,-0.89,0.457
05,48,4805,"GOODEN, Lance",G000589,1982,,0.757,-0.078,-126.61123,0.83956,724,59,,0.792,-0.07
21,48,4821,"ROY, Charles",R000614,1972,,0.8,-0.6,-94.445,0.87225,691,42,,0.787,-0.616
03,48,4803,"TAYLOR, Nicholas",T000479,1972,,0.573,-0.21,-137.00709,0.82451,710,64,,0.59,-0.242
06,48,4806,"WRIGHT, Ron",W000827,1953,2021,0.711,-0.09,-0.27921,0.98025,14,0,,0.908,-0.418
04,48,4804,"FALLON, Pat",F000246,1967,,0.714,0.173,-93.51503,0.87659,710,45,,0.714,0.173
23,48,4823,"GONZALES, Tony",G000594,1980,,0.307,0.388,-58.28613,0.92255,723,25,,0.307,0.388
13,48,4813,"JACKSON, Ronny",J000304,1967,,0.781,0.194,-80.69419,0.89008,693,28,,0.781,0.194
22,48,4822,"NEHLS, Troy E.",N000026,1968,,0.636,-0.081,-110.76399,0.85461,705,54,,0.636,-0.081
11,48,4811,"PFLUGER, August",P000048,1977,,0.667,0.428,-60.07986,0.91853,707,25,,0.667,0.428
24,48,4824,"VAN DUYNE, Beth",V000134,1970,,0.563,0.034,-87.19048,0.88624,722,39,,0.563,0.034
06,48,4806,"ELLZEY, Jake",E000071,1970,,0.548,0.455,-41.31615,0.9193,491,16,,0.548,0.455
34,48,4834,"FLORES, Mayra",F000473,1986,,0.343,0.82,-5.74081,0.95837,135,1,,0.343,0.821
35,48,4835,"DOGGETT, Lloyd Alton, II",D000399,1946,,-0.402,-0.316,-20.64053,0.9717,719,6,,-0.324,-0.422
18,48,4818,"JACKSON LEE, Sheila",J000032,1950,,-0.46,0.124,-15.00124,0.97938,720,7,,-0.391,-0.152
17,48,4817,"SESSIONS, Pete",S000250,1955,,0.59,0.139,-134.51959,0.82784,712,57,,0.589,-0.052
08,48,4808,"BRADY, Kevin Patrick",B000755,1955,,0.52,0.235,-56.74763,0.9071,582,19,,0.462,0.475
12,48,4812,"GRANGER, Kay",G000377,1943,,0.402,0.234,-108.84769,0.85712,706,42,,0.462,0.19
30,48,4830,"JOHNSON, Eddie Bernice",J000126,1935,,-0.485,0.198,-18.97881,0.97388,717,11,,-0.491,-0.023
02,49,4902,"STEWART, Chris",S001192,1960,,0.507,0.165,-75.96441,0.9,721,31,,0.445,0.169
03,49,4903,"CURTIS, John R.",C001114,1960,,0.488,0.074,-99.90794,0.86942,714,39,,0.416,0.119
01,49,4901,"MOORE, Blake D.",M001213,1980,,0.358,0.337,-60.56232,0.91911,718,20,,0.358,0.337
04,49,4904,"OWENS, Burgess",O000086,1951,,0.448,0.248,-60.58662,0.9194,721,23,,0.448,0.248
01,50,5001,"WELCH, Peter",W000800,1947,,-0.407,-0.356,-22.6423,0.969,719,10,,-0.294,-0.473
01,51,5101,"WITTMAN, Robert J.",W000804,1959,,0.445,0.004,-63.93658,0.91175,692,16,,0.454,0.198
11,51,5111,"CONNOLLY, Gerald E. (Gerry)",C001078,1950,,-0.306,-0.019,-21.06987,0.97128,723,6,,-0.308,-0.108
09,51,5109,"GRIFFITH, H. Morgan",G000568,1958,,0.535,-0.403,-151.28323,0.80761,708,68,,0.499,-0.361
08,51,5108,"BEYER, Donald Sternoff Jr.",B001292,1950,,-0.386,-0.054,-11.66796,0.98401,724,2,,-0.409,-0.127
04,51,5104,"MCEACHIN, Aston Donald",M001200,1961,,-0.381,-0.017,-19.72552,0.97312,724,12,,-0.494,0.311
06,51,5106,"CLINE, Benjamin",C001118,1972,,0.712,-0.199,-107.94554,0.85932,712,43,,0.72,-0.199
02,51,5102,"LURIA, Elaine",L000591,1975,,-0.205,0.425,-48.13566,0.93568,724,15,,-0.405,0.866
07,51,5107,"SPANBERGER, Abigail",S001209,1979,,-0.176,0.427,-43.90983,0.94068,718,16,,-0.195,0.407
10,51,5110,"WEXTON, Jennifer",W000825,1968,,-0.34,0.364,-28.72451,0.96115,725,14,,-0.25,0.199
05,51,5105,"GOOD, Bob",G000595,1965,,0.8,-0.6,-113.22478,0.84927,693,54,,0.824,-0.396
03,51,5103,"SCOTT, Robert C.",S000185,1947,,-0.45,0.016,-15.25168,0.97915,724,9,,-0.494,0.1
02,53,5302,"LARSEN, Richard Ray (Rick)",L000560,1965,,-0.365,0.186,-18.76621,0.97399,712,8,,-0.438,0.115
05,53,5305,"McMORRIS RODGERS, Cathy",M001159,1969,,0.422,0.134,-62.48828,0.9162,714,24,,0.391,0.391
03,53,5303,"HERRERA BEUTLER, Jaime",H001056,1978,,0.343,-0.141,-104.30177,0.86583,724,43,,0.297,0.118
06,53,5306,"KILMER, Derek",K000381,1974,,-0.31,-0.016,-13.03753,0.98215,724,4,,-0.303,-0.088
04,53,5304,"NEWHOUSE, Daniel Milton",N000189,1955,,0.333,0.276,-76.57783,0.89884,718,37,,0.294,0.378
07,53,5307,"JAYAPAL, Pramila",J000298,1965,,-0.681,-0.358,-16.83215,0.97696,722,6,,-0.472,-0.643
08,53,5308,"SCHRIER, Kim",S001216,1968,,-0.323,0.499,-25.61953,0.96519,723,10,,-0.294,0.591
10,53,5310,"STRICKLAND, Marilyn",S001159,1962,,-0.4,0.358,-22.23457,0.96913,709,11,,-0.4,0.358
09,53,5309,"SMITH, Adam",S000510,1965,,-0.286,-0.161,-26.49404,0.96397,722,10,,-0.624,0.193
01,53,5301,"DelBENE, Suzan K.",D000617,1962,,-0.285,-0.203,-19.42116,0.97357,725,7,,-0.479,0.295
01,54,5401,"McKINLEY, David",M001180,1947,,0.301,0.175,-98.26242,0.86471,676,43,,0.3,0.09
02,54,5402,"MOONEY, Alex X.",M001195,1971,,0.559,-0.211,-104.82476,0.86346,714,39,,0.539,-0.054
03,54,5403,"MILLER, Carol",M001205,1950,,0.479,0.336,-40.90923,0.94331,701,10,,0.5,0.418
04,55,5504,"MOORE, Gwendolynne S. (Gwen)",M001160,1951,,-0.525,-0.252,-30.4291,0.95845,717,11,,-0.295,-0.454
02,55,5502,"POCAN, Mark",P000607,1964,,-0.535,-0.554,-19.68977,0.97287,716,6,,-0.401,-0.613
06,55,5506,"GROTHMAN, Glenn",G000576,1955,,0.6,-0.27,-147.44143,0.81459,719,69,,0.579,-0.29
08,55,5508,"GALLAGHER, Michael",G000579,1984,,0.438,-0.024,-94.34504,0.87638,715,37,,0.429,0.051
01,55,5501,"STEIL, Bryan",S001213,1981,,0.418,0.019,-65.40023,0.91363,724,23,,0.427,0.163
07,55,5507,"TIFFANY, Thomas P.",T000165,1957,,0.635,-0.193,-109.66293,0.85266,688,51,,0.641,-0.184
05,55,5505,"FITZGERALD, Scott",F000471,1963,,0.632,0.344,-77.94729,0.89685,716,35,,0.632,0.344
03,55,5503,"KIND, Ron",K000188,1963,,-0.26,-0.08,-65.63393,0.91322,723,20,,-0.173,-0.116
01,56,5601,"CHENEY, Liz",C001109,1966,,0.431,0.711,-163.58501,0.77476,641,57,,0.293,0.785